smiles,binding
c1ccccc1c1ccc(O)cc1N1CCCCC1C(=O)N,-8.997068738552919
C(=O)Oc1ccc(Cl)cc1c1ccc(O)cc1CN(C),-8.98251821011673
ClN1CCNCC1NCCCN(C)OCCO,-8.980092604815795
CN(C)COCCOc1ccoc1N1CCNCC1c1ccsc1c1ccncc1,-8.976758529595497
c1ccc(F)cc1CCCCOc1ccncc1,-8.976356274942397
N1CCCCC1N1CCNCC1NCCc1ccc(Cl)cc1,-8.976356274942397
c1ccc(F)cc1c1ccccc1N1CCNCC1,-8.974835421210475
OCCOC(=O)NCCCCOC(=O)Oc1ccsc1,-8.97403048623731
CN(C)c1ccc(O)cc1CCOc1ccc(O)cc1NCC,-8.970543938856352
COCCCOc1ccncc1c1ccccc1Cl,-8.955143424913285
N1CCCCC1c1ccsc1CC(C)c1ccsc1C(=O)O,-8.942080511668783
COCCCOCN(C)N1CCNCC1C(=O)Oc1ccsc1,-8.935001982145414
N1CCNCC1NCCC#N,-8.928090611961089
c1ccc(F)cc1c1ccccc1CC(=O)COCCOc1ccc(F)cc1S(=O)(=O)N,-8.912044042582012
CCCCOOCCON1CCNCC1F,-8.91197154362041
CCCCOc1ccc(Cl)cc1C(=O)Oc1ccc(O)cc1,-8.911885373800647
c1ccsc1c1ccc(O)cc1S(=O)(=O)Nc1ccc(O)cc1CN(C)COC,-8.91175883200378
C(=O)OCOCc1ccoc1c1ccsc1N1CCNCC1OCCO,-8.909398843884683
c1ccncc1CN(C)CC(C)N1CCCCC1C(=O)NC(=O)O,-8.89543487275434
CC(=O)CC(C)C(=O)NNCC,-8.894408172853655
S(=O)(=O)NCOCCCOCCOc1ccc(O)cc1CCCCOCOC,-8.88734929896409
CN(C)CC(=O)S(=O)(=O)NCCOc1ccoc1COCCCO,-8.87982183208679
COCCCON1CCCCC1C#N,-8.87817963353559
OCCOC(=O)OCC(C)c1ccsc1,-8.8453741718046
NCCN1CCNCC1COCCCOc1ccsc1,-8.839846854780472
CC(C)N1CCNCC1C#N,-8.836294973128453
COCCOc1ccc(Cl)cc1CC(C)C(=O)OC#N,-8.833317131088355
CC(=O)c1ccsc1C(=O)NCOCCOCCO,-8.830361988180687
CCOC(=O)OCOCc1ccsc1CC(C)c1ccccc1,-8.82959594012472
c1ccc(O)cc1COCCOc1ccc(F)cc1C(=O)OC(=O)NC(=O)N,-8.82601998588034
ClCOCc1ccc(Cl)cc1COC,-8.823134333005202
CCOc1ccc(Cl)cc1OCCOCOCCONCCc1ccccc1,-8.81766728504147
c1ccsc1CCOOCCOCN(C),-8.810659017463685
ClCOCCON1CCCCC1c1ccoc1,-8.808770990477118
c1ccc(Cl)cc1N1CCCCC1COCCOCOCCOC(=O)OC#N,-8.791618715306331
c1ccccc1CCCCOc1ccc(O)cc1C(=O)OCCOCCCCO,-8.791046899086364
OCCOc1ccc(F)cc1NCCF,-8.78910544646079
CC(C)OCCOCCOc1ccncc1S(=O)(=O)NCOCCCO,-8.78766987299537
CCOc1ccccc1NCCc1ccncc1N1CCCCC1CN(C),-8.780171359446246
ClCCOCCCCOCOC,-8.775971154447626
c1ccc(O)cc1S(=O)(=O)NCCOc1ccoc1CCON1CCCCC1,-8.775835656630086
C(=O)ON1CCCCC1N1CCCCC1CN(C)c1ccc(F)cc1c1ccncc1,-8.768682489674578
CCOOCCOCCCCOC(=O)OCC(C),-8.768682489674578
COCCOc1ccc(Cl)cc1C(=O)OCC(=O)c1ccc(O)cc1C(=O)O,-8.768498192225813
C(=O)NN1CCCCC1c1ccc(F)cc1CC(C)CC(C)C(=O)N,-8.768052606970144
COCCOc1ccc(F)cc1COCCCOc1ccncc1C#N,-8.764978263669107
c1ccncc1C(=O)NCC(=O)S(=O)(=O)N,-8.76131046576462
ClCN(C)CCCCOCN(C),-8.75294986187788
COCCOc1ccncc1NCCCOCCO,-8.744849642536053
c1ccncc1OCCOCOCCOc1ccc(F)cc1c1ccsc1,-8.727943069833932
CN(C)N1CCNCC1COCCOc1ccc(O)cc1CC(=O),-8.722489558283396
C(=O)Nc1ccoc1OCCOC(=O)Nc1ccc(F)cc1,-8.718904614038314
C(=O)OCOCCOc1ccc(Cl)cc1c1ccsc1COCCCO,-8.714693516016581
OCCOS(=O)(=O)NCOC,-8.71410467639113
c1ccccc1c1ccc(O)cc1CN(C),-8.702807376704738
OCCOC(=O)Oc1ccc(Cl)cc1COCCO,-8.695481703087387
OCCOc1ccncc1COCCCON1CCCCC1COCCOc1ccc(O)cc1,-8.693013472864873
COCCCOCOCCOc1ccncc1C(=O)O,-8.69018316989684
CCOCCOc1ccoc1c1ccc(O)cc1,-8.689921068953765
c1ccc(O)cc1C(=O)NCCCCON1CCNCC1NCC,-8.681448248534565
N1CCNCC1CCOc1ccc(Cl)cc1CC(=O)OCCO,-8.674662495308263
c1ccc(O)cc1NCCCOC,-8.667839855457121
c1ccsc1N1CCNCC1c1ccc(O)cc1c1ccc(Cl)cc1,-8.667463131300009
S(=O)(=O)NCOCCOS(=O)(=O)NCl,-8.665910213072518
c1ccccc1S(=O)(=O)Nc1ccc(Cl)cc1c1ccoc1,-8.663859018635941
CCOCOCCOCCCOC(=O)ON1CCNCC1,-8.66237999845185
c1ccc(F)cc1CCOc1ccncc1c1ccncc1C(=O)O,-8.659025729934157
c1ccoc1c1ccc(Cl)cc1c1ccncc1C#N,-8.647770742520596
c1ccncc1CC(C)c1ccoc1c1ccc(O)cc1,-8.642684523824556
OCCOc1ccoc1CC(=O)CN(C)c1ccncc1,-8.636440885171853
OCCOc1ccc(F)cc1C(F)(F)F,-8.635373877743875
COCCOCC(C)c1ccc(O)cc1C(F)(F)F,-8.635038318836266
ClCC(=O)c1ccsc1c1ccc(F)cc1,-8.626440361010403
c1ccncc1C(=O)NCOCCOCCOc1ccc(F)cc1,-8.620353234673592
NCCNCCCOCN1CCCCC1N1CCCCC1,-8.62011618601677
N1CCCCC1c1ccc(Cl)cc1COCCCONCC,-8.615850956776235
FCN(C)c1ccc(O)cc1CC(=O)OCCO,-8.609559853847344
N1CCCCC1N1CCCCC1c1ccsc1,-8.608801994153081
c1ccsc1S(=O)(=O)NCCOc1ccc(O)cc1,-8.60285662467583
OCCOCCOc1ccccc1NCCc1ccc(O)cc1,-8.600957538535365
N1CCCCC1c1ccc(F)cc1c1ccsc1CC(=O),-8.599765922404522
N1CCNCC1OCCOCC(=O)CN(C)c1ccc(Cl)cc1COCCO,-8.599765922404522
N1CCCCC1COCc1ccsc1N1CCCCC1,-8.599102781363023
CC(C)S(=O)(=O)NCl,-8.59071862671438
c1ccc(O)cc1C(=O)NCCCCOC(=O)NCCCCOCC(=O),-8.586876454346317
COCS(=O)(=O)NCN(C)CCO,-8.57923784437655
COCCCOCCOc1ccc(Cl)cc1C(=O)Nc1ccc(Cl)cc1,-8.57923784437655
c1ccncc1C(=O)OC(=O)Nc1ccccc1,-8.577269032150042
COCCCON1CCCCC1OCCOCC(C),-8.574718206652562
c1ccsc1CC(=O)c1ccncc1c1ccsc1,-8.573853758818295
CC(=O)c1ccc(O)cc1CC(=O)CC(C)COCCCOc1ccoc1,-8.564711272412204
Fc1ccoc1c1ccc(F)cc1CC(=O),-8.562493924896616
C(=O)OCOCCCOc1ccc(Cl)cc1CC(C)c1ccccc1,-8.55938121504008
c1ccc(F)cc1c1ccc(O)cc1COCCCOCOCCCO,-8.55906746916606
CCOc1ccccc1COCCCOC(=O)Nc1ccc(Cl)cc1,-8.557224169746066
S(=O)(=O)Nc1ccoc1N1CCNCC1c1ccc(Cl)cc1,-8.554609978644052
CCOc1ccc(Cl)cc1C(=O)Oc1ccccc1c1ccoc1N1CCNCC1,-8.55116680424429
c1ccc(Cl)cc1c1ccsc1,-8.550789741635906
COCCOCCCOC(=O)O,-8.548943354886905
S(=O)(=O)NCC(=O)COCC(=O)Nc1ccoc1C(=O)O,-8.529834683016372
c1ccsc1CC(=O)N1CCNCC1CCOCCCCO,-8.518626383190547
CN(C)COCCOc1ccc(F)cc1c1ccsc1CCO,-8.518567789809136
C(=O)OC(=O)OCCOOCCON1CCNCC1CCCCO,-8.518567789809136
CCCCOCC(=O)c1ccoc1,-8.516244898573145
COCCON1CCNCC1COCCOCC(C)c1ccc(F)cc1,-8.516244898573145
COCCCOCC(=O)c1ccc(O)cc1,-8.514402058560602
S(=O)(=O)NCOCCCOc1ccc(F)cc1c1ccoc1NCC,-8.501119399296565
CCOCCCCOCOCc1ccncc1c1ccncc1,-8.495639604097015
c1ccsc1N1CCNCC1NCCCOCCON1CCNCC1c1ccc(Cl)cc1,-8.481524279339036
c1ccc(O)cc1c1ccc(F)cc1OCCOCOCCO,-8.477916455553551
c1ccc(O)cc1COCOCCOc1ccc(Cl)cc1,-8.476920559230393
COCN1CCCCC1S(=O)(=O)N,-8.476140033970442
COCCC(=O)C(=O)NCC(C)COCCCO,-8.476140033970442
COCc1ccoc1C(=O)ONCC,-8.473133234291925
ClCCCCOc1ccsc1,-8.470819392341816
COCCOCCCCOc1ccc(F)cc1c1ccc(O)cc1Cl,-8.458319480464702
S(=O)(=O)Nc1ccsc1COCCON1CCCCC1c1ccccc1,-8.443849875349855
C(=O)NOCCOc1ccncc1C(=O)Oc1ccncc1,-8.41969196099139
NCCCC(C)CCCCOC(F)(F)F,-8.41969196099139
c1ccccc1N1CCNCC1c1ccc(F)cc1N1CCCCC1NCC,-8.417715375904006
NCCNCCNCCc1ccncc1F,-8.410649247557897
ClN1CCNCC1COCc1ccncc1C#N,-8.40514523610403
CC(=O)C(=O)NC(=O)Nc1ccoc1,-8.397242240085351
c1ccccc1COCN1CCCCC1OCCO,-8.38749517240487
S(=O)(=O)Nc1ccsc1S(=O)(=O)Nc1ccccc1,-8.382224065333318
c1ccoc1c1ccoc1S(=O)(=O)NCOCCCOC(=O)O,-8.380762166757783
CCOc1ccoc1COCCOCCCOCCOc1ccccc1,-8.380304756147577
C(=O)Oc1ccncc1COCCOS(=O)(=O)N,-8.376386333328625
CCOCOCCCOCCOCOCCOCC(C)c1ccc(Cl)cc1,-8.36813682877579
S(=O)(=O)Nc1ccc(F)cc1CN(C)NCCc1ccc(O)cc1S(=O)(=O)N,-8.355635478307551
CC(C)CC(=O)CN(C)COCCOc1ccsc1COCCO,-8.354532355159424
N1CCNCC1c1ccncc1COCCOC(F)(F)F,-8.352378612662447
COCCOc1ccsc1c1ccccc1OCCOc1ccccc1,-8.340311932159697
CC(C)CN(C)CCOCCCCOCCO,-8.336240696153466
c1ccncc1CC(=O)COCCCOc1ccsc1OCCOc1ccc(F)cc1,-8.32989100354245
Fc1ccc(O)cc1COCN1CCNCC1COCCCO,-8.32684896530887
ClNCCCN(C)COCCCOCOCCCO,-8.322162210504015
c1ccc(Cl)cc1OCCON1CCNCC1COCCO,-8.320271409299071
N1CCNCC1c1ccccc1CCON1CCNCC1c1ccncc1,-8.306647165450759
C(=O)Nc1ccoc1CCON1CCCCC1,-8.304093878017742
N1CCCCC1c1ccoc1c1ccoc1COCCOCCO,-8.302590251017893
c1ccsc1c1ccccc1NCCN1CCCCC1C(=O)N,-8.299110470658253
COCCCOc1ccsc1c1ccc(F)cc1COCCCOCN(C),-8.289818736899345
N1CCCCC1c1ccccc1S(=O)(=O)Nc1ccoc1OCCOc1ccccc1,-8.284229031716766
c1ccc(O)cc1OCCON1CCCCC1c1ccc(F)cc1N1CCNCC1,-8.280711743516978
c1ccncc1c1ccncc1CCOc1ccc(O)cc1,-8.276796636482048
N1CCCCC1C(=O)OCC(C)COC,-8.270188138790466
N1CCCCC1c1ccccc1c1ccoc1Cl,-8.25653470148108
N1CCNCC1c1ccc(Cl)cc1c1ccccc1C(=O)NN1CCCCC1,-8.252142929801892
C(=O)Oc1ccoc1NCCS(=O)(=O)NN1CCNCC1c1ccoc1,-8.251370206999802
CC(C)c1ccsc1CCOCC(C)COCCON1CCCCC1,-8.25129941945822
c1ccc(F)cc1NCCc1ccc(Cl)cc1S(=O)(=O)N,-8.249379419533238
c1ccccc1CN(C)CCOCOCCCOc1ccc(O)cc1,-8.241994359246382
c1ccccc1N1CCNCC1OCCO,-8.241609920329335
c1ccsc1N1CCCCC1S(=O)(=O)Nc1ccncc1CCCCOCC(C),-8.24083073118533
NCCCN(C)C(=O)NN1CCCCC1CCO,-8.234460896976152
CC(C)CC(=O)COCCCOC(=O)OCC(C)OCCO,-8.212785173590882
CCOS(=O)(=O)NCOCCOCCOc1ccsc1,-8.204305593841632
N1CCNCC1c1ccc(O)cc1NCC,-8.191544473428582
CCCCOCOCCOc1ccc(Cl)cc1C(F)(F)F,-8.186886091936294
CCCCON1CCNCC1c1ccsc1COCCOCCCCOc1ccc(F)cc1,-8.181034299226301
C(=O)OCN(C)CN(C)CC(C)c1ccncc1,-8.180318268779729
C(=O)Oc1ccsc1COCCOC(=O)OC(F)(F)F,-8.177262353943153
c1ccc(F)cc1COCCOCCCOc1ccoc1NCCCOCCCO,-8.166339149452092
N1CCCCC1CC(=O)N1CCCCC1CC(=O)F,-8.156390482418805
c1ccc(F)cc1C(=O)OCOC,-8.155953333421017
NCCN1CCCCC1NCCC(=O)Oc1ccsc1,-8.145558590508754
C(=O)Oc1ccc(O)cc1NCCF,-8.139869900574558
COCCON1CCNCC1COCc1ccc(Cl)cc1,-8.13082900034013
C(=O)Oc1ccc(Cl)cc1COCCON1CCNCC1c1ccncc1CCO,-8.130393587758942
C(=O)Nc1ccc(O)cc1CC(C)c1ccccc1OCCO,-8.129577559106538
c1ccncc1c1ccc(Cl)cc1COCCOCC(=O)c1ccsc1,-8.125591517565725
S(=O)(=O)NCC(=O)C(=O)Oc1ccncc1CC(C)COCCO,-8.12545365518146
CCCCOOCCOCCOCCONCC,-8.122336862025847
CC(=O)c1ccccc1CCOc1ccc(Cl)cc1,-8.107832070868517
N1CCNCC1c1ccoc1C(F)(F)F,-8.106048217257069
c1ccncc1COCCCOOCCOc1ccc(O)cc1,-8.10281349607775
CCOc1ccsc1COCCOc1ccc(Cl)cc1CN(C),-8.099030980329681
c1ccsc1N1CCCCC1c1ccncc1,-8.092903766001832
C(=O)Nc1ccoc1OCCOOCCO,-8.089012689459715
ClCOCCOc1ccc(Cl)cc1C#N,-8.086241078599176
CCOc1ccc(F)cc1C(=O)NCCCCO,-8.07980877393748
C(=O)OCOCCCOOCCO,-8.07980877393748
N1CCNCC1CCOC(=O)ONCCCOCCOc1ccncc1,-8.076236077072888
N1CCNCC1c1ccc(F)cc1CCOc1ccc(F)cc1,-8.06994724778041
C(=O)Nc1ccc(O)cc1C(=O)ON1CCNCC1c1ccsc1,-8.0694314610177
N1CCNCC1c1ccsc1CC(=O)COCCOc1ccccc1N1CCCCC1,-8.062719799139764
C(=O)NCCCCOCCCCOC(=O)O,-8.062719799139764
CCOCCCCOC(=O)Oc1ccc(O)cc1c1ccoc1,-8.058650135987131
c1ccncc1CC(C)CCCCOCCCCO,-8.054078165140455
COCCCOC(=O)OCOCCOc1ccc(Cl)cc1CC(C)COCCO,-8.051472157329725
ClCCCCOCOCCCCCOCOC,-8.051011596829994
CN(C)COCCOCCCCONCC,-8.048035988177826
c1ccc(O)cc1c1ccncc1N1CCCCC1,-8.04442158232454
CC(=O)S(=O)(=O)Nc1ccncc1CCCCOCCCCOc1ccncc1,-8.044343744787028
C(=O)OCN(C)CCCCOCC(C)c1ccc(F)cc1,-8.043235708031858
CCOCOCc1ccccc1S(=O)(=O)N,-8.03040622307272
COCCOCCCCOCC(C)c1ccoc1CN(C)CC(=O),-8.028390081218003
c1ccccc1c1ccsc1COCN1CCCCC1,-8.028390081218003
c1ccc(O)cc1CC(=O)COCCO,-8.02766691951636
C(=O)ONCCCC(=O)c1ccc(F)cc1Cl,-8.02766691951636
S(=O)(=O)Nc1ccccc1c1ccsc1C(=O)NNCCc1ccoc1,-8.026395593194874
c1ccc(O)cc1NCCCOCCOCOCCCOc1ccc(F)cc1COCCO,-8.017125306471918
CCOCCOCOCCO,-8.014727198517155
C(=O)Nc1ccc(O)cc1c1ccc(O)cc1,-8.01019108501059
c1ccoc1c1ccc(O)cc1OCCOS(=O)(=O)NCC(=O),-8.004743657246681
COCCCOC(=O)Nc1ccsc1CCCCO,-8.00455650625038
N1CCCCC1CCOCOCCOS(=O)(=O)N,-7.988029194558253
OCCOCOCCCOc1ccoc1c1ccc(F)cc1,-7.975317688191008
OCCOS(=O)(=O)Nc1ccc(O)cc1C(F)(F)F,-7.972190011645164
COCCCON1CCCCC1C(=O)NOCCOc1ccc(O)cc1,-7.97113311698392
CC(=O)c1ccsc1CCOCCCCOc1ccc(F)cc1,-7.9667004188083155
C(=O)NN1CCCCC1N1CCCCC1N1CCNCC1COCCCO,-7.965190221022965
COCS(=O)(=O)NC(=O)Nc1ccsc1,-7.948203317038519
CCON1CCCCC1C(=O)NCOC,-7.94516004849533
NCCc1ccccc1CCONCCc1ccsc1CC(=O),-7.94516004849533
CC(C)C(=O)NCOCc1ccc(O)cc1COCCCOc1ccc(O)cc1,-7.939184510890746
Fc1ccccc1COCCC(=O)OCCOCl,-7.9373153663016955
COCS(=O)(=O)Nc1ccc(Cl)cc1CC(=O),-7.9373153663016955
FN1CCCCC1OCCOS(=O)(=O)NNCCc1ccccc1,-7.9367283372298125
FS(=O)(=O)NS(=O)(=O)Nc1ccc(O)cc1Cl,-7.9362673956913445
C(=O)OCN(C)c1ccoc1CC(=O)c1ccoc1,-7.922716736202921
c1ccc(Cl)cc1COCCOC,-7.919441410668213
c1ccoc1S(=O)(=O)NCOCCON1CCCCC1C(=O)OCOC,-7.909219902412374
OCCOC(=O)OCOCCOCCON1CCCCC1C(F)(F)F,-7.902086845414979
NCCC(=O)NCCCCONCCCC(=O),-7.897061946921412
CN(C)N1CCNCC1NCCc1ccoc1,-7.886871122777204
c1ccc(Cl)cc1c1ccoc1c1ccsc1N1CCNCC1,-7.8745944567028525
c1ccc(F)cc1c1ccsc1C(=O)Nc1ccc(O)cc1NCC,-7.871249756323875
S(=O)(=O)NCCOCCCCOCCCCOOCCOc1ccc(O)cc1,-7.865566371191596
C(=O)Nc1ccoc1c1ccncc1CC(C)N1CCNCC1,-7.864041588510597
CCCCOc1ccc(F)cc1C(=O)Oc1ccoc1CCCCO,-7.860594292779621
C(=O)OC(=O)Oc1ccoc1COCCCOCOCCCO,-7.857954698491653
COCCCOCOCCOc1ccsc1C(=O)OCC(=O),-7.857063029984789
FN1CCNCC1c1ccc(O)cc1c1ccc(F)cc1,-7.8474007359471845
CC(C)N1CCNCC1c1ccncc1N1CCNCC1N1CCNCC1,-7.837277573911398
Clc1ccccc1CN(C)COCCCOc1ccc(O)cc1,-7.825768730599004
Clc1ccoc1c1ccc(Cl)cc1OCCOCCO,-7.8257364503831885
CC(=O)CCCCOc1ccccc1c1ccc(O)cc1,-7.8120635275524855
COCNCCc1ccc(Cl)cc1C(=O)OC(F)(F)F,-7.802235985014631
OCCOc1ccc(O)cc1CN(C),-7.80101341657499
c1ccsc1C(=O)Nc1ccccc1C(=O)NCCOCC(=O),-7.798468458877105
OCCOC(=O)NCCOc1ccc(F)cc1c1ccc(Cl)cc1c1ccc(O)cc1,-7.788854607173685
N1CCCCC1OCCOCCOC(=O)OCC(=O),-7.779549970864537
c1ccc(F)cc1COCCOCOCCON1CCCCC1,-7.774289639277743
CCCCOc1ccc(O)cc1CC(C)CN(C)OCCOC(=O)O,-7.761885287209535
OCCON1CCCCC1NCCc1ccoc1c1ccoc1,-7.761393032972791
N1CCCCC1c1ccc(O)cc1N1CCNCC1c1ccc(Cl)cc1COC,-7.760308762988602
C(=O)NCN(C)c1ccsc1COCCOCC(C),-7.7585373862855365
ClC(=O)NN1CCCCC1c1ccncc1c1ccc(F)cc1,-7.756722977835565
C(=O)NCCOCC(=O)c1ccsc1,-7.756492894133837
Fc1ccncc1COCCOCCOCOCCCOC(F)(F)F,-7.7416417082678946
c1ccc(Cl)cc1C(=O)OCOCCCONCCCC(C)S(=O)(=O)N,-7.735699626787799
ClCOCCOc1ccc(O)cc1c1ccc(O)cc1S(=O)(=O)N,-7.730954563381426
c1ccc(O)cc1c1ccc(Cl)cc1S(=O)(=O)NF,-7.726868556296079
CN(C)c1ccoc1CCOCOCCCOc1ccoc1,-7.713685496770794
CC(C)CN(C)c1ccc(F)cc1S(=O)(=O)N,-7.704934048770389
N1CCNCC1CC(=O)OCCOc1ccsc1,-7.694219379423091
CC(C)c1ccoc1CCOc1ccc(F)cc1c1ccc(F)cc1S(=O)(=O)N,-7.692080267351482
CCCCON1CCNCC1c1ccsc1Cl,-7.6900951203066175
CCOc1ccccc1CC(C)c1ccncc1,-7.6900951203066175
COCCCOCCOc1ccc(Cl)cc1COC,-7.686703684514843
CC(C)CCOCOCc1ccoc1COC,-7.6853182256532415
COCCOc1ccoc1N1CCCCC1CCO,-7.679362235944884
COCCCCCOCOCCO,-7.675391693748988
CC(=O)c1ccc(F)cc1CC(=O)CC(=O)C#N,-7.675206017799434
N1CCCCC1C(=O)Nc1ccoc1OCCOCl,-7.675206017799434
OCCON1CCCCC1NCCCC(C)CC(=O),-7.671912163581896
S(=O)(=O)NN1CCCCC1COCC(=O)O,-7.658080357586325
C(=O)NC(=O)OCN(C)c1ccc(O)cc1CN(C)c1ccc(O)cc1,-7.657699538341803
FCOCCCOc1ccc(Cl)cc1COCNCCOCCO,-7.656087308610747
CN(C)c1ccsc1CCCCOCOCCO,-7.6531115161812435
NCCCC(C)N1CCCCC1,-7.647989203449883
NCCCN(C)c1ccncc1CN(C),-7.6429137993507865
COCCOCCCCOCN(C)c1ccsc1,-7.640333058358149
N1CCNCC1COCc1ccc(Cl)cc1COCCONCCCOCCCO,-7.6374557018434075
OCCOCOCCOCOCCOCOCCOc1ccc(F)cc1,-7.634607939468368
COCCON1CCCCC1COCCCOC(=O)N,-7.634607939468368
S(=O)(=O)NCCCCON1CCCCC1N1CCNCC1,-7.625128525842411
N1CCNCC1c1ccncc1c1ccsc1c1ccncc1CN(C)NCC,-7.6243993152744824
N1CCNCC1C(=O)Oc1ccccc1c1ccc(O)cc1OCCO,-7.622105057262182
c1ccncc1c1ccncc1c1ccoc1c1ccncc1,-7.609389492805102
c1ccsc1CN(C)c1ccc(F)cc1N1CCNCC1COC,-7.60631137716651
S(=O)(=O)NCOCCOCCCCOc1ccc(O)cc1,-7.604839863669554
C(=O)NCC(=O)c1ccc(Cl)cc1c1ccoc1NCCc1ccccc1,-7.604839863669554
c1ccoc1c1ccncc1S(=O)(=O)NNCCc1ccncc1c1ccc(Cl)cc1,-7.604057399248337
N1CCNCC1CN(C)S(=O)(=O)NCC(C)c1ccc(Cl)cc1,-7.6022201690174445
C(=O)Nc1ccsc1C(=O)NS(=O)(=O)Nc1ccccc1C(F)(F)F,-7.600327913609094
c1ccncc1CC(=O)c1ccc(Cl)cc1,-7.593464142160926
N1CCNCC1c1ccncc1COCCCOC#N,-7.5894702072960465
CCCCON1CCNCC1CC(=O)c1ccc(Cl)cc1COCCO,-7.588993189743661
c1ccccc1N1CCCCC1S(=O)(=O)Nc1ccccc1C(=O)NN1CCNCC1,-7.588259050867764
c1ccoc1c1ccncc1S(=O)(=O)NCC(C)C(F)(F)F,-7.581833985113019
CCOC(=O)NCCOC(=O)NOCCONCC,-7.579924895375268
NCCCN(C)c1ccc(Cl)cc1C(=O)O,-7.577113364066337
c1ccncc1COCCON1CCCCC1N1CCNCC1CCCCO,-7.57589598036046
CCOCOCCOc1ccc(Cl)cc1COC,-7.5726388274408345
Fc1ccc(Cl)cc1CC(=O)N1CCCCC1F,-7.569384930651813
OCCOCCCCOCOCCOOCCO,-7.569384930651813
c1ccccc1c1ccc(O)cc1c1ccsc1NCCC(=O)N,-7.553859710290008
Fc1ccc(Cl)cc1c1ccoc1CC(C)COCCCO,-7.546032016271262
COCCCON1CCNCC1S(=O)(=O)Nc1ccc(Cl)cc1,-7.542317540070762
c1ccc(O)cc1NCCc1ccc(Cl)cc1OCCO,-7.541108061333547
ClNCCCCON1CCNCC1c1ccccc1c1ccncc1,-7.539634449612118
c1ccc(Cl)cc1CC(C)Cl,-7.539465731586251
C(=O)Nc1ccc(O)cc1c1ccncc1CCCCON1CCCCC1,-7.536140472934193
c1ccc(F)cc1c1ccc(F)cc1CCCCO,-7.532868676245872
c1ccc(O)cc1c1ccc(F)cc1c1ccoc1N1CCNCC1,-7.528997271814504
FN1CCCCC1C(=O)NN1CCNCC1COCCO,-7.5274703388033934
c1ccccc1N1CCCCC1CCCCOCN(C)C(F)(F)F,-7.516084251578063
NCCc1ccc(Cl)cc1S(=O)(=O)NCCCCOc1ccoc1,-7.514478408806788
N1CCNCC1C(=O)Oc1ccccc1CCCCOCCOCOCCCO,-7.512182171178205
C(=O)OCOCCCOS(=O)(=O)Nc1ccc(O)cc1CCOCCO,-7.5041200701993205
C(=O)NOCCOCCCCOF,-7.498561623467924
COCCCOC(=O)NCCOCC(C),-7.487839276385129
C(=O)Nc1ccc(O)cc1CCCCOc1ccc(O)cc1C(=O)NS(=O)(=O)N,-7.480916758156457
CC(=O)CCOc1ccc(Cl)cc1COC,-7.478629546113084
CCOC(=O)Oc1ccoc1,-7.4773106070537985
C(=O)NCOCCOc1ccsc1N1CCCCC1c1ccsc1Cl,-7.475638085164832
CCCCON1CCNCC1c1ccc(F)cc1c1ccncc1C(=O)NCOCCCO,-7.47226514651876
CC(=O)c1ccncc1COCC(=O)NCC(=O)N1CCCCC1,-7.458934608383046
c1ccc(F)cc1c1ccncc1S(=O)(=O)NC(=O)NCCO,-7.453705745168759
COCOCCOCC(=O)N1CCNCC1,-7.442642071246931
Fc1ccsc1c1ccncc1CN(C)C(=O)NCl,-7.441801283805704
c1ccc(F)cc1CCOCl,-7.432397710769839
CC(=O)N1CCNCC1NCCC(=O)Oc1ccncc1CCO,-7.426708791479188
C(=O)Oc1ccoc1c1ccncc1NCCC(=O)N,-7.4228917511684696
CC(=O)CC(=O)C(=O)OCOCCCOCCCCOOCCO,-7.414488518448979
CCCCOc1ccc(F)cc1C(=O)N,-7.413779677769991
CN(C)c1ccncc1CC(C)C(=O)NCN(C),-7.410022802939889
c1ccc(F)cc1COCCC(C)CC(C),-7.407823620435621
CCCCOC(=O)ON1CCCCC1CN(C)c1ccc(O)cc1,-7.40704411649803
CC(=O)N1CCCCC1N1CCNCC1COCCO,-7.405960957311917
COCCONCCCCOc1ccccc1C#N,-7.405521312261376
c1ccc(F)cc1N1CCNCC1COCCOCN(C)N1CCNCC1,-7.405452922242919
C(=O)NN1CCNCC1C(=O)ON1CCCCC1c1ccncc1,-7.403581187427243
c1ccc(F)cc1c1ccc(F)cc1CC(C)N1CCNCC1COC,-7.392669513884696
COCCOOCCOCCCCOc1ccc(Cl)cc1N1CCCCC1,-7.392152009642087
C(=O)OCC(=O)CC(C)CC(=O)CC(C)c1ccsc1,-7.383128532943145
N1CCNCC1CN(C)c1ccoc1c1ccsc1OCCOc1ccncc1,-7.382495879494893
ClNCCS(=O)(=O)Nc1ccncc1S(=O)(=O)N,-7.37565898811539
CC(C)C(=O)NCC(C)CN(C)c1ccncc1F,-7.3724808014839684
c1ccoc1N1CCNCC1C(=O)N,-7.368896356103813
CCCCOc1ccncc1COCCCCCOCOCCCO,-7.3644744950882375
N1CCNCC1c1ccc(O)cc1c1ccsc1c1ccc(O)cc1,-7.360341974512992
CCCCOCN(C)COCc1ccsc1COCCO,-7.360341974512992
N1CCNCC1CCCCOS(=O)(=O)NOCCO,-7.347740754633897
N1CCCCC1c1ccc(Cl)cc1CC(=O)COCCOc1ccncc1,-7.3443999657556365
Clc1ccoc1c1ccc(O)cc1C(=O)Nc1ccoc1,-7.331062445950656
COCCCOc1ccc(Cl)cc1C(=O)OC(=O)OCOCCCOCl,-7.329939671186928
c1ccc(F)cc1COCc1ccncc1c1ccc(O)cc1,-7.328807371091021
c1ccccc1c1ccc(F)cc1CCOOCCOCC(C)CCO,-7.326957468174868
FCOCCOS(=O)(=O)NC(=O)O,-7.313544510234223
COCCOS(=O)(=O)Nc1ccccc1F,-7.302032548851567
CCCCOCOCNCCOCCO,-7.297950639648007
Clc1ccncc1NCCc1ccc(O)cc1c1ccc(F)cc1,-7.29671168467418
NCCc1ccc(F)cc1OCCOc1ccoc1c1ccsc1OCCO,-7.29182189113437
c1ccoc1c1ccc(O)cc1CC(=O)N1CCCCC1CN(C)C(=O)O,-7.291312561324899
OCCON1CCNCC1COCCCOc1ccc(Cl)cc1,-7.286483377919207
c1ccc(Cl)cc1COCOCCOCC(=O)COCCOCCCO,-7.279928273732739
CC(=O)c1ccsc1COCCCOc1ccsc1CN(C),-7.278349718081261
ClN1CCCCC1COCCCOCOCCOCc1ccoc1,-7.277394442156503
CCCCOc1ccncc1Cl,-7.268077075971078
C(=O)Oc1ccccc1N1CCCCC1NCCC(F)(F)F,-7.264536786266728
CC(=O)CCOC(=O)NOCCOF,-7.263909157765452
c1ccncc1OCCOC(=O)OS(=O)(=O)NCCCCOF,-7.260059978870588
COCCCON1CCNCC1COCCOc1ccc(F)cc1,-7.256601741219383
S(=O)(=O)NC(=O)Nc1ccsc1N1CCNCC1,-7.252357407980668
c1ccc(O)cc1N1CCCCC1c1ccsc1N1CCCCC1COCCO,-7.248757169649723
CN(C)CN(C)COCOCCOc1ccc(O)cc1,-7.247783097218766
S(=O)(=O)NCN(C)CCCCONCCc1ccc(Cl)cc1C#N,-7.244620544066186
NCCCOCCCOc1ccoc1COCCCOOCCOCOC,-7.243495972645671
c1ccoc1NCCCC(=O)CCOc1ccncc1,-7.235506049353135
CC(C)c1ccncc1S(=O)(=O)Nc1ccoc1Cl,-7.2163144913193555
c1ccccc1C(=O)NC(=O)Oc1ccoc1CCCCO,-7.216283557812035
C(=O)OCC(=O)CN(C)OCCO,-7.197103302285242
COCCOc1ccoc1Cl,-7.180714764608999
N1CCCCC1C(=O)Oc1ccsc1,-7.157570712630264
S(=O)(=O)NC(=O)NCCOCC(C)CC(C)Cl,-7.15036600438014
COCCCOCOCCCOC(=O)NCC(=O),-7.147762058606939
NCCCC(=O)CC(C)N1CCNCC1,-7.144079273756976
c1ccsc1c1ccoc1CC(=O)CCOCOCCCOCCCCO,-7.1387823910586725
CN(C)N1CCCCC1c1ccc(O)cc1N1CCNCC1,-7.1334630069916445
CC(=O)NCCCOCCOCC(=O)N1CCNCC1c1ccoc1,-7.130533569297894
OCCON1CCCCC1c1ccc(F)cc1COCCO,-7.129760518491311
CC(C)CN(C)CN(C)c1ccc(O)cc1,-7.119075948723564
CC(C)S(=O)(=O)NCC(C)N1CCNCC1CCO,-7.111472652870269
c1ccccc1COCCC(C)C#N,-7.103581813645787
c1ccc(Cl)cc1C(=O)Nc1ccc(Cl)cc1COC,-7.099937805870088
c1ccccc1CC(C)c1ccncc1CCOCCO,-7.098346353303308
CC(C)CC(=O)C(=O)Nc1ccsc1c1ccc(O)cc1N1CCCCC1,-7.094700189749641
CN(C)C(=O)Nc1ccc(Cl)cc1NCCc1ccoc1,-7.090379696469159
COCc1ccoc1c1ccsc1CN(C)c1ccoc1CC(=O),-7.090379696469159
c1ccncc1CC(=O)CN(C)NCCc1ccc(Cl)cc1CCCCO,-7.067801016629785
NCCCCCCOCCOc1ccc(F)cc1,-7.062392156197921
CCOc1ccc(O)cc1N1CCCCC1CN(C)c1ccsc1,-7.039937639784913
OCCON1CCNCC1c1ccsc1c1ccccc1,-7.036829737275452
COCCOOCCOc1ccncc1c1ccncc1C(=O)Nc1ccc(O)cc1,-7.025927114004607
N1CCCCC1OCCOCC(C)CN(C),-7.024601546810995
C(=O)Nc1ccncc1c1ccc(Cl)cc1c1ccc(O)cc1OCCO,-7.022980254268658
COCCOCCCOOCCONCC,-7.018566426861142
COCCCOc1ccc(F)cc1COCCCOc1ccc(Cl)cc1,-7.01345417244131
NCCCCCCOCCOF,-7.01345417244131
COCCOCOCCCOc1ccc(F)cc1OCCOCC(=O)COCCCO,-7.011542347648961
c1ccc(Cl)cc1COCCOCOCCCOCl,-7.011542347648961
CC(=O)S(=O)(=O)NOCCOOCCOc1ccncc1,-7.008521735259482
c1ccc(F)cc1OCCOC(=O)ON1CCNCC1c1ccoc1,-7.0042156656296415
N1CCCCC1C(=O)OCC(=O)COCCCO,-7.00245391661765
c1ccccc1N1CCCCC1NCCS(=O)(=O)Nc1ccccc1c1ccccc1,-7.001692582717773
CN(C)c1ccsc1C(=O)Oc1ccncc1C(F)(F)F,-6.994403276637023
CCCCOc1ccc(F)cc1C(=O)Nc1ccc(O)cc1CCO,-6.985452572913882
S(=O)(=O)NN1CCNCC1c1ccsc1S(=O)(=O)NCC(C),-6.975729238159446
CC(C)S(=O)(=O)NCOCCOc1ccsc1,-6.950451901864361
NCCN1CCCCC1c1ccc(O)cc1CCO,-6.94115570785464
c1ccncc1COCCCON1CCCCC1c1ccoc1NCC,-6.936362917937968
S(=O)(=O)Nc1ccccc1NCCN1CCCCC1C(=O)N,-6.933321352408148
c1ccc(F)cc1c1ccc(F)cc1N1CCNCC1C#N,-6.9245752533417075
CN(C)c1ccoc1c1ccsc1c1ccoc1COCCN(C),-6.914545600499573
COCCOc1ccc(O)cc1N1CCNCC1COCCO,-6.910981110543143
N1CCNCC1N1CCCCC1COCCCOc1ccoc1c1ccccc1,-6.906770310671506
NCCC(=O)Oc1ccoc1CC(C)N1CCCCC1c1ccc(Cl)cc1,-6.906119488538895
C(=O)Oc1ccccc1c1ccc(Cl)cc1S(=O)(=O)N,-6.904037880978398
N1CCCCC1NCCCN(C),-6.902949681164948
COCc1ccc(Cl)cc1S(=O)(=O)Nc1ccoc1CCCCOCC(=O),-6.902949681164948
CCCCOC(=O)Oc1ccc(F)cc1N1CCNCC1CCCCO,-6.8787246531607025
c1ccc(F)cc1N1CCNCC1S(=O)(=O)Nc1ccncc1C(=O)NF,-6.875043633088696
CN(C)OCCOCN(C)F,-6.872423693840087
COCc1ccc(O)cc1c1ccccc1OCCOCCO,-6.866675795075574
c1ccsc1N1CCNCC1NCCCN(C)F,-6.8533624918829865
CC(=O)S(=O)(=O)NN1CCNCC1COCCCOCCCCO,-6.853109206169632
CN(C)OCCOS(=O)(=O)N,-6.850641888239305
COCc1ccncc1COCOCCO,-6.847674398544294
COCCOc1ccsc1c1ccoc1NCCC#N,-6.846750198300555
COCCOCCC(C)c1ccc(F)cc1,-6.846501766915816
C(=O)NCOCCCOCOCCCOCOCCCOc1ccoc1C#N,-6.845422085036213
c1ccncc1S(=O)(=O)NN1CCCCC1NCCCOCCCO,-6.839645297487699
CC(C)c1ccncc1C(=O)OCCO,-6.838102203357186
C(=O)Oc1ccccc1COCCCOCOC,-6.837806141295127
c1ccoc1c1ccc(O)cc1OCCOc1ccsc1Cl,-6.833925782762185
c1ccc(F)cc1c1ccncc1S(=O)(=O)Nc1ccsc1,-6.826978580515288
NCCCOCCOCOCCCO,-6.818974767156586
COCCCOc1ccoc1CCCCOc1ccoc1,-6.813705927325185
CC(=O)COCCCOc1ccsc1c1ccncc1,-6.809701701602871
Clc1ccc(F)cc1CN(C)CC(=O)CC(=O),-6.8017117931141655
CCOc1ccsc1c1ccc(F)cc1CC(=O)C(=O)N,-6.782446103424847
FNCCC(=O)Oc1ccncc1,-6.781031836721425
S(=O)(=O)NOCCOC(=O)NCCCCOc1ccc(F)cc1CCO,-6.779381960308735
CC(=O)c1ccc(O)cc1OCCON1CCNCC1CC(=O),-6.777835512863645
CCOc1ccc(F)cc1c1ccoc1c1ccncc1,-6.774177281216083
c1ccsc1CC(C)COCNCCN1CCCCC1,-6.767129821836649
OCCOS(=O)(=O)Nc1ccoc1c1ccc(O)cc1c1ccc(Cl)cc1C(F)(F)F,-6.766030059342137
CCOS(=O)(=O)NC(=O)NOCCO,-6.7612968011347565
c1ccc(O)cc1C(=O)NCC(C)c1ccc(F)cc1,-6.754527173070807
NCCCC(=O)c1ccncc1CN(C),-6.747856730532106
c1ccncc1c1ccc(F)cc1c1ccoc1,-6.7472964657024015
OCCOCOCc1ccccc1c1ccsc1C(=O)Oc1ccc(Cl)cc1,-6.745131969184125
C(=O)OOCCOc1ccc(Cl)cc1S(=O)(=O)NCCCCOc1ccc(O)cc1,-6.740840484265314
OCCON1CCCCC1NCCCOCCOCC(C),-6.73739842400248
c1ccccc1OCCOCN(C)CCO,-6.737392939214828
COCCCOS(=O)(=O)Nc1ccc(Cl)cc1c1ccoc1Cl,-6.735933065955547
S(=O)(=O)NCOCCCOc1ccoc1N1CCCCC1NCC,-6.735546290523286
CCCCOc1ccc(O)cc1C(=O)Nc1ccsc1,-6.734736092906005
c1ccc(O)cc1OCCONCCN1CCCCC1,-6.721578290746057
c1ccncc1CC(=O)c1ccoc1c1ccc(Cl)cc1,-6.717355974996968
CN(C)c1ccoc1N1CCNCC1OCCO,-6.7149542101315705
c1ccc(F)cc1c1ccoc1COCOCCONCCc1ccoc1,-6.713141243998327
c1ccncc1NCCC(=O)NOCCOc1ccc(O)cc1,-6.7121824536025025
C(=O)NCCCCOCC(=O)CCOCN(C)CCCCO,-6.7020110100084604
C(=O)ON1CCNCC1C(=O)Nc1ccc(Cl)cc1,-6.700170455088549
c1ccc(Cl)cc1CC(C)OCCOCC(=O)CC(C)OCCO,-6.700170455088549
C(=O)OCCOc1ccoc1c1ccncc1,-6.697668670058192
c1ccoc1COCCOc1ccoc1,-6.6887950205901925
c1ccoc1c1ccccc1C(=O)NCN(C),-6.683672537997187
COCCOc1ccsc1c1ccoc1C(=O)Nc1ccccc1C(=O)O,-6.6836151306952765
COCCCOCOCCCOc1ccncc1c1ccc(O)cc1NCC,-6.682156074568692
NCCc1ccccc1c1ccncc1,-6.652241042592014
ClC(=O)NS(=O)(=O)NN1CCCCC1S(=O)(=O)N,-6.648531074702977
OCCOCOCCOCN(C)COCCC(C),-6.634900988977742
c1ccc(F)cc1C(=O)OCOCCOCCOCOCCCOCOC,-6.63435238670624
COCCOCC(=O)c1ccc(Cl)cc1C(=O)OCC(=O),-6.632385584859405
Clc1ccc(Cl)cc1CC(=O)COC,-6.627182542079314
CCON1CCCCC1N1CCNCC1C(=O)N,-6.625785881415213
c1ccsc1N1CCCCC1COCCOCOCCCO,-6.623079000171719
COCCON1CCCCC1c1ccccc1Cl,-6.602390893291689
c1ccc(F)cc1OCCOc1ccncc1CC(=O)NCC,-6.601455976311113
COCCOc1ccncc1N1CCCCC1,-6.595451482983107
NCCCOCc1ccncc1Cl,-6.58679772349941
c1ccncc1S(=O)(=O)NCOCCOc1ccc(Cl)cc1S(=O)(=O)N,-6.584598809555397
CC(C)C(=O)Oc1ccc(O)cc1CCCCOC(=O)O,-6.584598809555397
FN1CCNCC1c1ccc(Cl)cc1c1ccsc1N1CCNCC1c1ccncc1,-6.583553761428697
CCCCOCCCCON1CCCCC1c1ccc(O)cc1,-6.580971936241503
COCCOC(=O)Nc1ccc(F)cc1CC(C)COCc1ccccc1,-6.580542372370951
c1ccoc1S(=O)(=O)NCOCC(=O)O,-6.580496087506951
C(=O)NCCOCC(C)CC(C),-6.578327287822427
OCCOCOCCOOCCOc1ccsc1C(=O)N,-6.576669600060333
c1ccc(F)cc1c1ccc(O)cc1CCOCCOc1ccncc1,-6.57165409094052
CN(C)C(=O)Nc1ccncc1N1CCNCC1,-6.567804073189904
c1ccc(F)cc1c1ccc(F)cc1N1CCCCC1c1ccoc1S(=O)(=O)N,-6.552052098926216
OCCOCOCCOc1ccc(O)cc1CCCCO,-6.550802276031797
c1ccoc1C(=O)OS(=O)(=O)Nc1ccccc1NCCCN(C),-6.550802276031797
N1CCCCC1CCOc1ccc(Cl)cc1C(=O)N,-6.54602426963633
ClNCCc1ccc(F)cc1,-6.533597386892629
CN(C)c1ccc(Cl)cc1OCCOc1ccc(F)cc1,-6.5298833347492025
S(=O)(=O)NCC(C)c1ccc(Cl)cc1C(=O)NCC(=O),-6.525902392952761
CC(=O)N1CCNCC1c1ccsc1,-6.525313217907314
c1ccoc1CCOc1ccoc1OCCOc1ccsc1,-6.522606549336732
c1ccsc1C(=O)NS(=O)(=O)NC(=O)OS(=O)(=O)NCC(C),-6.512202164158845
c1ccncc1OCCOCOCCCOS(=O)(=O)N,-6.506804699830479
COCCCOc1ccncc1COCCC(=O)CCOc1ccccc1,-6.503782479402379
CC(C)N1CCCCC1S(=O)(=O)Nc1ccc(O)cc1C(=O)NCOCCO,-6.494065352935134
NCCc1ccc(F)cc1CCCCOS(=O)(=O)N,-6.486490008109904
OCCOCOCCOC(=O)NNCCN1CCNCC1c1ccc(F)cc1,-6.475117546072115
C(=O)OCOCc1ccncc1CC(=O),-6.470445901861257
c1ccoc1N1CCCCC1S(=O)(=O)NN1CCNCC1c1ccncc1,-6.469959564668465
NCCc1ccc(Cl)cc1c1ccc(O)cc1c1ccncc1,-6.46842177030941
ClC(=O)OCOCc1ccc(O)cc1c1ccc(Cl)cc1C#N,-6.458151751190558
FCCOc1ccc(O)cc1NCCCN(C)c1ccsc1,-6.44567203820592
CC(=O)N1CCCCC1CCCCONCC,-6.4412978214356365
c1ccc(O)cc1C(=O)ONCCCC(=O)COCCO,-6.4376011606473185
S(=O)(=O)Nc1ccoc1OCCONCCNCC,-6.428031501052715
N1CCNCC1CCCCOc1ccc(Cl)cc1Cl,-6.4225631364726805
COCCOCOCCCOOCCO,-6.421536165348892
COCCCOCC(C)S(=O)(=O)NN1CCNCC1,-6.421197052951168
COCc1ccoc1CC(=O),-6.419011640802456
c1ccncc1c1ccc(O)cc1c1ccsc1CN(C),-6.417845117112359
N1CCNCC1S(=O)(=O)Nc1ccncc1,-6.41616541021769
COCCCON1CCCCC1c1ccncc1c1ccncc1C(=O)N,-6.410811293024378
NCCc1ccccc1c1ccc(O)cc1COCCCO,-6.399437006746318
C(=O)OCN(C)COCCOCCO,-6.3969599035129825
S(=O)(=O)NCN(C)S(=O)(=O)Nc1ccncc1c1ccc(O)cc1c1ccccc1,-6.39469589583779
FCOCCOc1ccc(F)cc1C(=O)Nc1ccoc1Cl,-6.393315982326469
CCCCOCCCCOC(=O)O,-6.383780747852683
N1CCNCC1COCCOc1ccc(F)cc1c1ccc(O)cc1,-6.378464123890612
COCC(=O)Oc1ccccc1c1ccoc1Cl,-6.378464123890612
c1ccc(O)cc1N1CCNCC1c1ccoc1CCCCOc1ccc(O)cc1,-6.3771001454860325
COCCOCCONCCCOC,-6.34912541578341
c1ccc(O)cc1C(=O)OCCCCO,-6.346986361979093
c1ccc(O)cc1c1ccc(F)cc1N1CCCCC1NCCCOCCO,-6.341784340299759
c1ccc(F)cc1COCS(=O)(=O)N,-6.340953134684842
c1ccsc1c1ccc(Cl)cc1COCCO,-6.327901065916342
COCCCOC(=O)NN1CCCCC1COCc1ccoc1,-6.327619717738769
c1ccc(Cl)cc1c1ccc(O)cc1C(=O)ONCC,-6.321661756696635
c1ccccc1CC(=O)S(=O)(=O)Nc1ccc(O)cc1CCCCO,-6.315036789075107
COCCOCCCCOc1ccsc1COCCCOCC(=O)N1CCNCC1,-6.313037230544119
CCON1CCNCC1OCCONCCCCCCOC(=O)O,-6.31300874039114
c1ccsc1c1ccncc1C(=O)OCOCCCCCOc1ccncc1,-6.307071508778806
N1CCNCC1COCCCOCC(C)c1ccc(O)cc1,-6.299316897865367
Fc1ccc(O)cc1COCCCOCOC,-6.295201494336263
COCCCOOCCOC(=O)N,-6.289942772374749
ClS(=O)(=O)NNCCC(F)(F)F,-6.289834132973019
c1ccccc1CN(C)CCCCOc1ccc(O)cc1N1CCNCC1F,-6.286361060666627
c1ccc(F)cc1C(=O)NCOCNCC,-6.260329326745282
C(=O)Oc1ccoc1c1ccc(F)cc1CN(C)c1ccc(O)cc1,-6.253290769541595
c1ccsc1N1CCCCC1N1CCNCC1,-6.252197843385693
c1ccncc1CN(C)c1ccc(Cl)cc1C(=O)OCOCCCONCC,-6.251854986458107
c1ccc(O)cc1NCCc1ccccc1S(=O)(=O)N,-6.246160553474046
S(=O)(=O)NCOCCCOc1ccsc1c1ccc(Cl)cc1C(=O)Nc1ccccc1,-6.2413361085683485
FC(=O)Oc1ccc(O)cc1OCCOCN(C),-6.2276494469697345
c1ccc(O)cc1CCCCOCCOc1ccoc1N1CCNCC1N1CCNCC1,-6.2276494469697345
c1ccc(Cl)cc1CC(=O)c1ccc(Cl)cc1F,-6.222547788777145
CCCCOCCCCOCC(=O)c1ccc(F)cc1CCO,-6.211117916322671
OCCOCOCCOCOCCOCCO,-6.196088721567027
CN(C)COCCCOCCCCOCC(C)c1ccccc1COC,-6.19606905067178
c1ccccc1C(=O)Nc1ccsc1S(=O)(=O)NCC(=O),-6.194941058443155
CCCCOOCCOc1ccsc1,-6.194875504880272
N1CCCCC1COCCOc1ccsc1S(=O)(=O)Nc1ccccc1CCO,-6.193621698652358
CN(C)c1ccc(F)cc1c1ccncc1c1ccccc1COCCCO,-6.193360449175792
c1ccsc1C(=O)Nc1ccsc1CC(=O)COCS(=O)(=O)N,-6.1885603797576385
Clc1ccncc1COCC(=O)NS(=O)(=O)N,-6.187627291819519
c1ccc(O)cc1C(=O)OCCOCCO,-6.184971612894832
N1CCCCC1CC(C)S(=O)(=O)Nc1ccc(F)cc1NCC,-6.173449232861422
c1ccncc1CC(C)OCCON1CCCCC1c1ccncc1COCCO,-6.170076406004423
CC(C)CC(=O)CN(C)CC(C)C(F)(F)F,-6.168677594563985
OCCOc1ccc(O)cc1c1ccccc1CC(C),-6.158589079651307
CCCCOCC(C)c1ccc(O)cc1,-6.153299919442524
COCCCCCOCCCCOCOCc1ccncc1,-6.151209965159577
COCCCOc1ccc(O)cc1N1CCNCC1N1CCNCC1c1ccccc1C(=O)N,-6.1475749574997245
Fc1ccoc1C(=O)NNCCS(=O)(=O)N,-6.1475749574997245
COCCOc1ccc(O)cc1c1ccsc1,-6.13709612830822
COCCOc1ccoc1COCCOCOCCOCOCCO,-6.137058629454987
N1CCCCC1COCCOCCCCOc1ccsc1,-6.1180440071907665
c1ccncc1CC(C)N1CCNCC1COCCCOC(=O)NN1CCCCC1,-6.116078498459274
c1ccccc1C(=O)NCC(C)c1ccc(Cl)cc1c1ccc(O)cc1C(=O)N,-6.112729803723591
c1ccccc1c1ccncc1CCON1CCNCC1,-6.110051968184762
c1ccccc1N1CCNCC1CC(C)c1ccc(O)cc1,-6.105223071433231
C(=O)NCC(=O)COCc1ccc(O)cc1,-6.103797141086313
c1ccsc1c1ccc(O)cc1c1ccsc1CN(C),-6.088659643356584
COCCOCNCCC(=O)N,-6.079255836982805
C(=O)OCOCCCOCN(C)C(=O)Oc1ccc(Cl)cc1,-6.078715587596211
N1CCCCC1C(=O)Oc1ccsc1c1ccccc1c1ccc(O)cc1,-6.076924406708452
CCOCOCCOCC(=O)S(=O)(=O)Nc1ccccc1CCO,-6.076551816110753
N1CCCCC1CC(C)C(=O)OCOCCN(C)COC,-6.068975023510349
COCCCOS(=O)(=O)NCCOc1ccc(Cl)cc1CC(=O),-6.0675436049038565
N1CCCCC1COCCOCOCc1ccc(F)cc1,-6.065538142062028
CC(=O)CCCCOc1ccc(F)cc1c1ccc(F)cc1,-6.058087082436412
c1ccncc1COCN1CCNCC1COCc1ccccc1COCCO,-6.040967742295119
Clc1ccncc1CCCCO,-6.039168336888379
C(=O)NOCCOCCCCOS(=O)(=O)N,-6.021880308114753
CC(C)c1ccncc1COCCCON1CCNCC1,-6.020875089056261
c1ccc(O)cc1CC(=O)C(=O)OCOCCCO,-5.999315551667827
CCCCOc1ccc(O)cc1NCCN1CCCCC1,-5.995484429032355
OCCOc1ccsc1C(=O)NCCO,-5.994873557828434
CCCCOOCCOc1ccc(Cl)cc1c1ccoc1C(=O)OS(=O)(=O)N,-5.988455901466074
N1CCCCC1c1ccncc1COCCCO,-5.988406397798383
S(=O)(=O)Nc1ccc(O)cc1c1ccsc1c1ccc(O)cc1NCC,-5.981314517905233
CCCCOS(=O)(=O)NN1CCNCC1CC(C),-5.9781614296974315
C(=O)NCOCCCOCC(C)C(F)(F)F,-5.975105206219692
COCCCOCCOCCCCOCl,-5.974744657944378
OCCOCCCCOCN(C)COC,-5.971208751642465
COCCCOCCCCOc1ccsc1C(=O)O,-5.963436314235798
Clc1ccc(O)cc1N1CCNCC1c1ccc(Cl)cc1CCCCO,-5.959558856314718
CC(=O)S(=O)(=O)NCCCCO,-5.9538537846772215
c1ccccc1OCCON1CCNCC1OCCO,-5.951588227557268
C(=O)Nc1ccoc1c1ccncc1CCCCO,-5.938756742405406
c1ccc(Cl)cc1NCCS(=O)(=O)NN1CCNCC1F,-5.934450500769444
OCCOC(=O)NCOCCOCC(C)c1ccc(F)cc1,-5.934017453464906
S(=O)(=O)Nc1ccc(O)cc1C#N,-5.928288068779157
c1ccc(F)cc1CCOCCOc1ccc(Cl)cc1,-5.919054684862486
c1ccc(Cl)cc1c1ccccc1NCCc1ccc(O)cc1N1CCNCC1N1CCNCC1,-5.9180020952968055
CCCCOCN(C)CCOCOC,-5.909067822978978
c1ccccc1CCOc1ccoc1N1CCCCC1C#N,-5.905896670258496
OCCOC(=O)OCCCCOCOCCCOCOCCCCCO,-5.903763163007749
S(=O)(=O)NCCOc1ccc(Cl)cc1N1CCNCC1,-5.903763163007749
c1ccncc1NCCOCCONCCc1ccc(O)cc1,-5.901957528398718
N1CCCCC1COCc1ccsc1c1ccc(Cl)cc1,-5.882946319006272
c1ccncc1c1ccc(Cl)cc1OCCOOCCOC(=O)O,-5.881403602080367
c1ccc(F)cc1N1CCNCC1COCCCONCCc1ccncc1,-5.879938796493482
CCOc1ccncc1C(=O)OC(=O)N,-5.877279916767232
COCCCOCCOCN(C)OCCO,-5.862022177623172
c1ccc(F)cc1C(=O)NCOCCOc1ccsc1c1ccsc1,-5.847399286995739
CCCCOCOCCOOCCOc1ccccc1,-5.84389873055315
c1ccccc1COCCCONCCc1ccc(Cl)cc1,-5.834603892773864
CC(C)C(=O)OCN(C)CCON1CCNCC1,-5.803794621727439
c1ccc(Cl)cc1c1ccc(Cl)cc1COC,-5.784671588051522
OCCOc1ccoc1c1ccsc1c1ccc(Cl)cc1OCCO,-5.784540892636181
c1ccoc1CC(C)c1ccccc1C(=O)NCCCCO,-5.781991033813611
ClCC(C)c1ccoc1c1ccc(F)cc1COCCCO,-5.777085237351311
Clc1ccc(F)cc1c1ccoc1CC(C)N1CCCCC1CCO,-5.7675577805809155
N1CCCCC1c1ccncc1CC(=O)c1ccsc1Cl,-5.7675577805809155
c1ccc(O)cc1CC(=O)S(=O)(=O)NN1CCCCC1c1ccc(Cl)cc1N1CCCCC1,-5.765508463033086
c1ccc(Cl)cc1N1CCNCC1NCCNCCNCC,-5.764590950346276
COCCOCC(=O)N1CCCCC1N1CCCCC1S(=O)(=O)N,-5.760407606807998
S(=O)(=O)Nc1ccc(F)cc1N1CCCCC1CCCCO,-5.759762622843285
c1ccccc1COCCCCCOCOCCOc1ccoc1,-5.747836802258892
NCCc1ccccc1S(=O)(=O)NN1CCNCC1N1CCCCC1c1ccncc1,-5.7473751518193446
c1ccsc1CN(C)C#N,-5.745404209824091
N1CCCCC1CCON1CCCCC1S(=O)(=O)N,-5.739869690357638
c1ccc(Cl)cc1C(=O)Nc1ccccc1C(=O)O,-5.736673185061756
Clc1ccoc1N1CCCCC1CC(=O),-5.735060362653114
CC(=O)c1ccsc1OCCO,-5.728012473263536
CCCCOc1ccc(O)cc1CCOCC(C),-5.7278216143144345
COCCCOc1ccc(F)cc1CC(C)C(=O)OCCCCOc1ccoc1,-5.726237852273167
c1ccccc1COCCCOCN(C),-5.722574214880334
c1ccsc1C(=O)Oc1ccoc1C(F)(F)F,-5.721970670774727
c1ccoc1CN(C)c1ccc(F)cc1,-5.721970670774727
c1ccc(F)cc1c1ccsc1N1CCNCC1S(=O)(=O)N,-5.711206810296398
COCCCOc1ccc(O)cc1COCCCOCl,-5.706951144857486
NCCCOCc1ccc(O)cc1COCCCOS(=O)(=O)N,-5.700283392231935
c1ccoc1c1ccccc1NCCC(=O)O,-5.700283392231935
C(=O)OCC(=O)c1ccccc1Cl,-5.688829613834263
c1ccsc1c1ccccc1C(F)(F)F,-5.68179976196382
CC(C)S(=O)(=O)NC(=O)NCOCCO,-5.6719369214265765
C(=O)Nc1ccoc1C(=O)OCCOCOCCO,-5.6719369214265765
c1ccc(Cl)cc1CN(C)c1ccc(O)cc1NCC,-5.67107188502586
COCCC(=O)COCCOCOCCCOc1ccncc1CC(C),-5.670168956826002
ClC(=O)Oc1ccc(O)cc1,-5.670168956826002
CCCCOS(=O)(=O)NCOCCOOCCON1CCNCC1,-5.658231207649837
CN(C)CCON1CCNCC1c1ccc(F)cc1,-5.65696950391296
c1ccoc1C(=O)OCC(C)c1ccccc1NCCC(F)(F)F,-5.648637356519913
c1ccccc1c1ccc(O)cc1CCCCOCOCN1CCNCC1c1ccccc1,-5.64350260266549
FOCCOCN(C)CCON1CCCCC1C#N,-5.637319599492473
S(=O)(=O)NCOCCCOc1ccsc1,-5.635538915385823
OCCOCCCCOc1ccc(O)cc1C(=O)OC#N,-5.6325865954524685
S(=O)(=O)NCOCS(=O)(=O)Nc1ccccc1N1CCNCC1,-5.618997914408567
OCCOCOCCCOS(=O)(=O)NOCCO,-5.616319866839496
c1ccc(O)cc1C(=O)OCOCCOF,-5.613974606011326
C(=O)NC(=O)Nc1ccsc1S(=O)(=O)NN1CCNCC1,-5.61335370213151
c1ccccc1OCCOCC(=O)C(=O)O,-5.611710119729199
CN(C)CCCCOCC(=O)C(=O)OC#N,-5.60318755693563
CN(C)COCCCOCCOc1ccc(F)cc1,-5.5997727771108785
CC(C)NCCCC(C)COCCCOC(=O)OCC(=O),-5.597358117903525
S(=O)(=O)NC(=O)OOCCOc1ccoc1CN(C),-5.582431870526271
ClCCCCON1CCNCC1c1ccoc1N1CCNCC1,-5.582335620066225
FN1CCNCC1c1ccc(O)cc1COCCCOc1ccccc1,-5.576765871939138
COCCOc1ccc(O)cc1c1ccc(O)cc1CN(C),-5.5692344613587785
CN(C)CC(=O)c1ccc(F)cc1c1ccc(F)cc1CC(=O)c1ccoc1,-5.565650681269449
COCCOc1ccncc1N1CCNCC1,-5.552897042416886
N1CCCCC1COCCCOc1ccc(O)cc1S(=O)(=O)N,-5.54957015222795
COCc1ccc(O)cc1CCONCCc1ccc(O)cc1,-5.535340656375844
CC(C)CCOc1ccc(O)cc1CN(C),-5.5324680743179435
ClCOCCCOCC(=O)c1ccc(O)cc1OCCON1CCCCC1,-5.528861141526325
FCCOCC(=O)c1ccc(F)cc1,-5.52628280142207
CCCCOc1ccncc1C(=O)ON1CCNCC1CC(C)c1ccoc1,-5.520813869749864
CCOCC(C)c1ccccc1COCCCOc1ccc(F)cc1,-5.509537924715337
C(=O)NOCCOCCON1CCCCC1N1CCNCC1,-5.50737503253997
COCCCOc1ccoc1OCCOc1ccc(Cl)cc1COC,-5.502181355006518
NCCc1ccccc1CN(C)c1ccc(O)cc1c1ccc(O)cc1C#N,-5.484133284628179
c1ccc(F)cc1C(=O)NCOCCOC(=O)Nc1ccc(Cl)cc1,-5.48066253645076
c1ccoc1c1ccc(Cl)cc1OCCON1CCNCC1Cl,-5.46629160306983
N1CCNCC1COCCOCC(C)C#N,-5.43770250295205
c1ccc(O)cc1CC(=O)S(=O)(=O)NC(F)(F)F,-5.429353122590895
c1ccc(O)cc1CN(C)CN(C)c1ccccc1c1ccsc1,-5.425075125169933
c1ccc(F)cc1S(=O)(=O)Nc1ccncc1CCCCOc1ccncc1,-5.425029499551502
COCCCOCC(=O)CC(C)c1ccccc1c1ccsc1,-5.424956908819935
Clc1ccsc1c1ccoc1CC(C),-5.422606498632174
c1ccc(O)cc1c1ccoc1CC(=O)COCCO,-5.418660662651722
N1CCNCC1c1ccc(F)cc1CC(C)c1ccsc1CCO,-5.401739797627584
c1ccc(O)cc1OCCOc1ccc(Cl)cc1CCO,-5.377297319134444
c1ccccc1CN(C)c1ccc(O)cc1NCC,-5.372520138780336
c1ccncc1c1ccsc1CC(C)C(=O)OCN(C)CC(C),-5.3713225875433235
NCCN1CCCCC1C(=O)O,-5.367707920005909
COCCON1CCNCC1CCCCOCC(C)c1ccncc1,-5.364885087339213
FCCOCOCc1ccc(O)cc1c1ccncc1,-5.363101101953822
CCCCOc1ccc(F)cc1CC(=O)S(=O)(=O)NC#N,-5.356040507400716
c1ccsc1COCC(=O)NS(=O)(=O)NCCOc1ccc(O)cc1,-5.354118671145382
ClNCCCCCCOc1ccc(Cl)cc1C(=O)OCOCCO,-5.348709163487416
COCOCCOc1ccoc1c1ccncc1,-5.347733959601371
c1ccc(O)cc1CCOOCCOc1ccc(F)cc1CC(=O),-5.342463567755498
c1ccc(O)cc1CCOCC(C)c1ccoc1,-5.33818615133635
c1ccc(O)cc1OCCOCCCCOCOCCOC,-5.332802312456387
c1ccc(O)cc1N1CCNCC1CC(C)c1ccc(O)cc1COCCOCOCCCO,-5.330643309383042
N1CCNCC1COCCON1CCCCC1NCCC(=O)O,-5.327570372451108
C(=O)NCC(C)c1ccoc1,-5.318117995869637
c1ccccc1S(=O)(=O)NC(=O)N,-5.317965557894638
COCCCOCCCCOC(=O)Nc1ccncc1,-5.316032147963752
c1ccc(O)cc1COCCCOCC(=O)CCOCl,-5.315434062047573
CC(=O)c1ccc(O)cc1c1ccncc1c1ccncc1,-5.3147344336623235
c1ccccc1COCc1ccoc1COCCON1CCNCC1,-5.314647638441169
CC(C)c1ccc(Cl)cc1CC(=O)N1CCNCC1C(=O)NCOCCCO,-5.312487111074017
C(=O)OCC(C)CCOC#N,-5.303435192323997
c1ccoc1CN(C)c1ccc(O)cc1CC(=O)CC(C),-5.303435192323997
CCCCON1CCNCC1N1CCNCC1,-5.303435192323997
C(=O)Oc1ccoc1COCCCON1CCNCC1CCCCO,-5.301339147743452
c1ccncc1OCCOCN(C)c1ccc(Cl)cc1CCO,-5.2962321287107255
ClCOCCOc1ccncc1C(=O)Oc1ccc(Cl)cc1F,-5.294425104043251
N1CCNCC1COCOCCOC(=O)Oc1ccc(Cl)cc1C(F)(F)F,-5.292433754803822
ClCCOS(=O)(=O)NC(=O)N,-5.292002069283054
CC(=O)C(=O)OCOCCOc1ccc(F)cc1S(=O)(=O)NCC(C),-5.278357030821837
c1ccc(F)cc1S(=O)(=O)NN1CCNCC1CCCCOCOCc1ccncc1,-5.278278643059191
CCOc1ccccc1OCCOc1ccc(Cl)cc1,-5.278182214153841
N1CCCCC1c1ccc(O)cc1N1CCCCC1N1CCCCC1OCCO,-5.27763750105305
c1ccncc1CC(=O)c1ccncc1C#N,-5.271432756232983
NCCCC(=O)c1ccc(O)cc1OCCONCC,-5.271404812328993
c1ccoc1S(=O)(=O)Nc1ccc(F)cc1c1ccsc1CCONCC,-5.263316061027872
c1ccoc1N1CCCCC1CCO,-5.262377816401474
CC(C)c1ccsc1Cl,-5.262023327989452
CN(C)c1ccsc1NCCCC(=O)CC(=O),-5.258759684142999
Clc1ccc(Cl)cc1C(=O)Nc1ccoc1C#N,-5.232409798346791
Fc1ccc(O)cc1CCCCOc1ccoc1c1ccccc1COCCO,-5.230651070599533
N1CCCCC1c1ccoc1c1ccc(F)cc1c1ccoc1S(=O)(=O)NCl,-5.22734041606438
S(=O)(=O)NC(=O)OC(=O)Oc1ccc(F)cc1OCCOc1ccc(F)cc1,-5.220135109753013
C(=O)NCOCCCCCOc1ccc(O)cc1c1ccoc1,-5.207822364266402
c1ccccc1CC(=O)CC(C)c1ccsc1,-5.204614248653681
c1ccc(F)cc1CN(C)c1ccccc1C(F)(F)F,-5.1973562175836925
OCCOc1ccccc1CC(=O)COC,-5.172008450911206
C(=O)Oc1ccncc1N1CCNCC1CC(=O)N1CCNCC1c1ccoc1,-5.170784608630074
c1ccoc1CCCCON1CCCCC1C(=O)OCCCCON1CCNCC1,-5.160474876316511
C(=O)NOCCOCN(C)CCO,-5.141228320824575
CN(C)N1CCCCC1C(=O)NCN(C)N1CCNCC1,-5.1220586294139325
NCCCOCc1ccoc1c1ccc(F)cc1,-5.121139103287372
COCCCOCCOC(=O)OC(=O)OCOCCCO,-5.1055905293653625
CC(=O)c1ccc(Cl)cc1OCCOOCCOS(=O)(=O)NF,-5.102905783502095
c1ccoc1c1ccncc1c1ccc(Cl)cc1S(=O)(=O)Nc1ccncc1,-5.096586969426491
CC(=O)c1ccncc1CCCCOc1ccoc1,-5.087771728064795
c1ccoc1c1ccsc1C(=O)O,-5.082405933217334
c1ccsc1OCCOc1ccc(O)cc1c1ccc(F)cc1C(=O)O,-5.081801654385544
CC(=O)C(=O)OCN(C)c1ccoc1,-5.078407750723697
CC(C)c1ccncc1CC(C)OCCOCOCCOCOC,-5.076671602485213
COCN1CCCCC1N1CCCCC1CC(C),-5.059646536025317
c1ccsc1COCC(=O)OC(=O)NNCC,-5.0515685611487235
c1ccccc1c1ccccc1OCCO,-5.0401540119971475
N1CCCCC1CN(C)CCOC(=O)O,-5.03061819195241
c1ccc(Cl)cc1c1ccncc1N1CCNCC1COCc1ccoc1COCCO,-5.02445612530672
CN(C)c1ccc(O)cc1c1ccncc1C(=O)Oc1ccccc1OCCO,-5.023667049427662
N1CCNCC1C(=O)NC(=O)Nc1ccncc1,-5.021921335853032
NCCc1ccoc1c1ccc(O)cc1OCCOCCCCO,-5.019380270776216
c1ccncc1C(=O)OC(=O)NNCC,-5.006694697718605
COCCCONCCCCCCOC#N,-5.0066437244711945
FS(=O)(=O)Nc1ccc(F)cc1NCCc1ccncc1F,-4.998642858374251
c1ccncc1N1CCCCC1S(=O)(=O)NCOC,-4.982165587791128
CCOOCCOc1ccccc1NCCN1CCNCC1,-4.97659679468099
c1ccsc1CCOc1ccsc1CN(C)N1CCNCC1,-4.972150233765453
FCCCCONCCNCC,-4.970895178668785
COCc1ccncc1COC,-4.962010369466297
ClCN(C)NCCc1ccc(Cl)cc1CCCCOCCCCO,-4.957683342595988
CCOC(=O)NN1CCNCC1,-4.947225145986214
c1ccsc1CCOCCCCOCC(=O)NCCN1CCNCC1,-4.945320132251696
c1ccc(O)cc1CCCCOCOCCON1CCNCC1OCCOC#N,-4.933371920776694
COCCOCOCCOCS(=O)(=O)NCCO,-4.933371920776694
c1ccoc1C(=O)Nc1ccsc1COCCCOCCCCO,-4.930322469280165
c1ccccc1S(=O)(=O)Nc1ccc(F)cc1COCc1ccoc1,-4.927372657160043
C(=O)Nc1ccc(Cl)cc1NCCCCCCOc1ccoc1OCCO,-4.922437435643145
CC(=O)CC(=O)c1ccc(F)cc1,-4.921570440905009
COCN1CCCCC1c1ccc(O)cc1COCCOCC(=O),-4.918222777497546
CC(C)c1ccc(O)cc1CC(=O)Cl,-4.902452794507237
C(=O)OCOCCOCN1CCCCC1,-4.898541946859872
c1ccncc1CC(C)COCCCOc1ccc(F)cc1CCOc1ccncc1,-4.896885385488335
CCOc1ccccc1COCCOCCCCOC#N,-4.888898891237049
COCCOc1ccc(O)cc1COCCON1CCCCC1c1ccoc1CC(C),-4.883014682957362
c1ccc(O)cc1NCCCOCC(=O)O,-4.882999035538257
N1CCCCC1C(=O)NS(=O)(=O)NNCC,-4.8821685804545
NCCc1ccc(F)cc1COCc1ccccc1,-4.880111628252449
c1ccsc1COCc1ccc(O)cc1COC,-4.880043779949488
Fc1ccc(O)cc1c1ccccc1OCCON1CCNCC1,-4.879605453481723
CC(=O)COCCCON1CCNCC1c1ccc(O)cc1,-4.878113953490951
COCc1ccc(F)cc1CCOCN(C)N1CCCCC1COCCCO,-4.876588019568279
NCCS(=O)(=O)NN1CCCCC1C(=O)O,-4.8618173670155524
ClCC(=O)c1ccc(Cl)cc1c1ccccc1CCCCOCN(C),-4.8595713527267375
N1CCCCC1CN(C)CC(C)c1ccncc1CCOCl,-4.856090948065061
c1ccsc1c1ccccc1c1ccc(O)cc1CCCCOCOCCOS(=O)(=O)N,-4.852153057748707
c1ccncc1CC(C)C(=O)O,-4.840793822428395
c1ccsc1CCOCC(=O)CCOc1ccc(F)cc1,-4.8372702727102315
ClN1CCNCC1CN(C)c1ccc(Cl)cc1COCCCO,-4.831436990244823
N1CCNCC1COCCCOC(=O)OCOCCOCC(C),-4.826262884635325
NCCc1ccc(O)cc1CCOCCCCOCN(C),-4.825691507498315
C(=O)Nc1ccc(O)cc1C(=O)NOCCO,-4.818544616508251
COCN1CCCCC1C(=O)Oc1ccc(F)cc1N1CCCCC1Cl,-4.818544616508251
COCCCOCCCCON1CCCCC1NCC,-4.817886273083469
Fc1ccc(Cl)cc1CC(=O)c1ccncc1N1CCNCC1c1ccccc1,-4.791523833592103
CC(C)CN(C)CCOCCCCO,-4.790567718905158
C(=O)NCOCCOCOCCCOF,-4.78136619988517
CC(=O)c1ccc(Cl)cc1CCOCCCCON1CCNCC1CN(C),-4.779913043715633
FCC(=O)c1ccc(F)cc1c1ccncc1,-4.77779364823818
C(=O)OCCCCON1CCNCC1CC(=O)CCOC(=O)O,-4.777397964097219
CC(=O)c1ccoc1NCCNCC,-4.777040287949565
c1ccccc1C(=O)ONCCCOCF,-4.775981903051349
c1ccncc1CN(C)C(=O)OOCCO,-4.774727104607333
S(=O)(=O)NN1CCNCC1CN(C)C(=O)OCC(C),-4.77270409769614
CCOCC(=O)c1ccsc1c1ccc(F)cc1Cl,-4.768306219139284
COCCCOc1ccncc1OCCOCOCCOCCCCO,-4.767122580172059
c1ccsc1c1ccccc1c1ccncc1,-4.762116989262366
COCc1ccoc1COCCCOCCCCO,-4.756973897266307
COCCOc1ccsc1c1ccc(F)cc1,-4.756548216319589
CC(=O)c1ccoc1CC(C)CC(=O)C(=O)OCOC,-4.75396651407098
COCCCOc1ccoc1COCC(=O)OC#N,-4.752715339192358
S(=O)(=O)NS(=O)(=O)Nc1ccc(Cl)cc1CN(C)OCCON1CCNCC1,-4.750151835081302
c1ccc(Cl)cc1CC(C)c1ccsc1CC(C)C(=O)OCN(C),-4.74113169901774
CC(=O)CC(=O)c1ccoc1c1ccc(F)cc1COCOCCO,-4.740958892607978
COCCC(C)COCCOCc1ccc(O)cc1S(=O)(=O)N,-4.738881198493111
c1ccccc1C(=O)Oc1ccsc1C(=O)OCN(C)c1ccccc1,-4.7355345909289275
CCON1CCNCC1NCCc1ccsc1,-4.732458913207251
ClOCCOc1ccsc1c1ccoc1S(=O)(=O)N,-4.73158951278394
COCc1ccncc1C(=O)Nc1ccccc1OCCOc1ccc(F)cc1,-4.730615482137489
CN(C)CCCCOCCCCOCOCc1ccccc1S(=O)(=O)N,-4.718546757007812
COCCCOC(=O)NC(=O)NCC(=O),-4.716938001952503
OCCON1CCCCC1F,-4.712787900788103
COCCCOCC(=O)N1CCCCC1c1ccc(F)cc1CN(C),-4.7048629407804805
c1ccoc1CC(=O)CC(C)CCCCONCCCC(=O),-4.681562279201992
c1ccncc1CC(C)c1ccsc1CC(C),-4.67936181488656
c1ccncc1c1ccsc1C(=O)NCN(C)c1ccccc1N1CCNCC1,-4.678530484401409
COCCN(C)COCN1CCCCC1,-4.6759245724433836
FCOCCOc1ccc(O)cc1,-4.6693897473528905
CC(C)CC(=O)CCOCOCCOCCCOC(F)(F)F,-4.658232515006552
Fc1ccccc1c1ccc(O)cc1NCCCOCCCO,-4.652601149503351
c1ccsc1N1CCNCC1c1ccncc1CN(C)COCc1ccccc1,-4.639966819933223
CN(C)C(=O)Oc1ccsc1,-4.638158549714893
CN(C)N1CCCCC1COCCCOc1ccccc1CCCCO,-4.637824523570367
CCOCC(C)C(=O)OF,-4.634555665048357
c1ccc(F)cc1C(=O)OC(=O)NCOCCO,-4.6220378302655005
Clc1ccsc1COCCON1CCNCC1CC(=O),-4.6215537924784735
COCCON1CCCCC1C(=O)NN1CCCCC1C(=O)NOCCO,-4.6130010775744426
c1ccc(F)cc1C(=O)NC(=O)NCCCCO,-4.607183660759398
COCN1CCNCC1CCOCCCCOc1ccsc1CCCCO,-4.604168101047765
Clc1ccsc1c1ccncc1Cl,-4.596158749491135
c1ccsc1CC(C)C(=O)Nc1ccccc1C(=O)NS(=O)(=O)N,-4.59457069466181
FCOCc1ccc(Cl)cc1COCCONCCC(=O)O,-4.564901700865523
c1ccccc1C(=O)NN1CCCCC1c1ccsc1NCC,-4.562314484753727
CCCCOCCCCOC(=O)NC(=O)NCCCCO,-4.559047404401162
N1CCNCC1COCCOCCOF,-4.545851185416027
c1ccc(O)cc1COCCOCOCCCOCOCCCOCOCCOc1ccccc1,-4.544076003811762
c1ccncc1c1ccncc1C#N,-4.539798610077691
c1ccoc1C(=O)NCC(C)COCCON1CCNCC1,-4.538084349646855
c1ccc(Cl)cc1N1CCCCC1NCC,-4.535115842743818
c1ccsc1CC(C)OCCON1CCNCC1,-4.53417185766451
CN(C)c1ccccc1c1ccc(O)cc1c1ccc(Cl)cc1C(=O)N,-4.533687846422554
CC(C)C(=O)Oc1ccccc1c1ccc(O)cc1CCOS(=O)(=O)N,-4.525560830089988
N1CCNCC1COCCCOc1ccoc1CN(C)CCOc1ccc(F)cc1,-4.5205657760211775
N1CCNCC1OCCOc1ccc(O)cc1S(=O)(=O)Nc1ccoc1CCO,-4.513813809169653
CN(C)C(=O)Oc1ccsc1NCC,-4.511737807609479
c1ccncc1c1ccccc1c1ccccc1,-4.511564095272152
CCCCOCC(=O)CC(=O)COCCOCN(C),-4.502657158469966
CCOc1ccc(Cl)cc1CCOC(=O)O,-4.500050207463009
CC(C)CC(=O)C(F)(F)F,-4.498140685004127
N1CCCCC1N1CCNCC1S(=O)(=O)NCC(=O),-4.482425532464427
c1ccc(Cl)cc1CCOc1ccncc1C(=O)N,-4.474788035053669
C(=O)Oc1ccccc1c1ccc(O)cc1,-4.470521883742176
C(=O)Oc1ccncc1c1ccoc1CC(=O)CC(=O),-4.458582559605826
c1ccoc1N1CCCCC1CCOCOC,-4.450683401811631
CCCCOc1ccc(F)cc1COCCOCCOCCOCC(=O),-4.4503834157808875
C(=O)OOCCOCOCCCONCC,-4.449467796523791
CCCCOc1ccsc1S(=O)(=O)NC(F)(F)F,-4.448520238746828
N1CCNCC1c1ccsc1c1ccc(F)cc1C#N,-4.444683983429597
c1ccoc1C(=O)NCN(C)COCCCOCOCCCOc1ccc(Cl)cc1,-4.44211553107206
N1CCNCC1c1ccsc1c1ccoc1c1ccoc1,-4.440401538778683
CCCCONCCCC(C)COCCO,-4.436233798487161
NCCCOCCOCc1ccoc1c1ccccc1CCO,-4.3993171085006
c1ccc(F)cc1NCCc1ccc(Cl)cc1C(=O)O,-4.389811579089625
FCOCCCOc1ccsc1c1ccccc1,-4.38710891926652
c1ccccc1COCCOCC(=O)NCOCCCOc1ccoc1,-4.377064892491811
c1ccccc1OCCOc1ccc(O)cc1,-4.374102522188405
OCCON1CCCCC1C(=O)ON1CCCCC1c1ccoc1c1ccc(Cl)cc1,-4.373776841380948
c1ccsc1OCCOCC(C)CC(C)NCC,-4.3729363221139455
c1ccc(O)cc1c1ccncc1CN(C)C(=O)O,-4.3667625630535145
S(=O)(=O)NS(=O)(=O)NN1CCNCC1c1ccncc1c1ccccc1,-4.3640177050580915
COCCONCCCC(=O)c1ccc(F)cc1C(F)(F)F,-4.357431552582238
COCCCOc1ccoc1C(=O)N,-4.357125200453388
CCOc1ccoc1CCOC(=O)Oc1ccc(F)cc1CC(=O),-4.35265322491221
C(=O)Nc1ccc(Cl)cc1c1ccc(Cl)cc1CN(C)OCCO,-4.349060330276513
S(=O)(=O)Nc1ccsc1N1CCCCC1OCCOC(=O)OC(F)(F)F,-4.348098351524654
COCCCOc1ccc(O)cc1CCONCCCOCCO,-4.3326676408307065
N1CCCCC1C(=O)NCN(C)c1ccncc1COCCl,-4.3326676408307065
c1ccc(Cl)cc1S(=O)(=O)NCOCCOc1ccsc1c1ccncc1C(=O)O,-4.3309649726122545
c1ccoc1N1CCCCC1N1CCCCC1N1CCCCC1N1CCCCC1,-4.330487949147597
C(=O)Nc1ccoc1CC(C),-4.325683411284931
S(=O)(=O)NCC(C)CCO,-4.3126570101554265
C(=O)OOCCONCCCOC,-4.31205944709855
COCCCOCC(=O)CC(=O)c1ccoc1C(=O)O,-4.30942861762593
COCCOc1ccncc1CCCCOC(=O)NCCCCO,-4.308841473652838
COCCOS(=O)(=O)NCC(C)c1ccc(Cl)cc1OCCO,-4.302718741099066
N1CCNCC1c1ccc(F)cc1CCCCOc1ccc(F)cc1N1CCNCC1F,-4.301143451418037
c1ccc(O)cc1N1CCCCC1c1ccncc1COCCCOOCCO,-4.29399951958047
NCCCCOc1ccc(O)cc1COCC#N,-4.276490909025425
c1ccoc1CCCCOCC(=O),-4.274434106413088
CC(C)C(=O)Oc1ccc(Cl)cc1N1CCCCC1,-4.27303493725238
CCCCOc1ccncc1CC(=O)S(=O)(=O)Nc1ccc(O)cc1CCO,-4.2721204059708
ClC(=O)OCOCCOC(=O)Oc1ccsc1,-4.269707078335949
S(=O)(=O)NCOCCOc1ccccc1c1ccoc1Cl,-4.26781961593343
c1ccoc1N1CCCCC1c1ccc(F)cc1F,-4.267048873146813
FCCCCOOCCOc1ccncc1OCCO,-4.26597454334703
c1ccsc1c1ccsc1COCCOc1ccoc1C(=O)NCl,-4.265872342385119
C(=O)NN1CCNCC1c1ccoc1c1ccoc1CC(=O),-4.257207911466929
CCON1CCNCC1CC(C)COCCO,-4.2517664424159625
CN(C)c1ccc(Cl)cc1CC(=O)CN(C),-4.246807963341653
c1ccoc1c1ccoc1S(=O)(=O)Nc1ccc(O)cc1,-4.239750434826861
ClCC(C)c1ccsc1CCO,-4.239750434826861
CC(=O)NCCCCOc1ccncc1c1ccc(F)cc1,-4.233920263358479
N1CCCCC1c1ccccc1COCCOOCCOCN(C),-4.232353322471735
c1ccoc1CC(C)C(=O)NOCCOc1ccc(O)cc1COCCO,-4.226211636418039
COCCOC(=O)NCOCCOc1ccc(Cl)cc1,-4.22188494589816
COCOCCOCOCc1ccc(F)cc1c1ccc(F)cc1,-4.221712898706433
COCCCOc1ccncc1C(=O)OCCOC(=O)O,-4.2141199979023565
Fc1ccsc1S(=O)(=O)N,-4.2137979296497425
NCCCC(=O)c1ccoc1,-4.213333089428189
ClCOCCOc1ccc(F)cc1COCCCO,-4.213282982720434
c1ccc(O)cc1N1CCCCC1c1ccsc1N1CCNCC1F,-4.210956121192116
c1ccc(Cl)cc1c1ccc(O)cc1C(F)(F)F,-4.208001401255137
c1ccc(F)cc1c1ccccc1C(=O)OCOCCCO,-4.204759789682726
OCCOS(=O)(=O)NCOCCOc1ccccc1C(=O)ON1CCNCC1,-4.202268056783609
S(=O)(=O)Nc1ccc(F)cc1CC(=O)N1CCCCC1COCCCO,-4.201224340682902
c1ccc(O)cc1C(=O)OS(=O)(=O)NS(=O)(=O)N,-4.178981726388158
COCOCCOCN(C)c1ccsc1OCCON1CCCCC1,-4.178981726388158
CC(=O)N1CCNCC1c1ccccc1COCCOF,-4.1725739592847475
c1ccccc1N1CCCCC1C(=O)OCOC,-4.1670992845403525
CC(C)N1CCCCC1C(=O)NCC(C),-4.1670992845403525
C(=O)OC(=O)Nc1ccncc1c1ccoc1CC(C)COC,-4.164979537328077
CN(C)CCOCOCCOCC(C)c1ccoc1COCCO,-4.162144047692013
COCCOc1ccncc1CCCCOc1ccsc1,-4.16010529969127
c1ccccc1CC(=O)COCCCOCCCCOc1ccoc1CC(=O),-4.15391354088443
CN(C)CC(=O)c1ccc(O)cc1S(=O)(=O)N,-4.153619945073682
N1CCNCC1c1ccc(Cl)cc1CCOCC(=O)CC(=O)c1ccncc1,-4.153189337529007
OCCOc1ccsc1N1CCCCC1CC(=O)c1ccc(O)cc1,-4.15277660093687
c1ccccc1c1ccsc1c1ccoc1,-4.138294674799523
c1ccc(O)cc1c1ccoc1S(=O)(=O)NCl,-4.135997687239885
c1ccc(F)cc1OCCOCN(C)c1ccc(F)cc1,-4.127894876721979
CC(C)c1ccoc1c1ccncc1CCCCOS(=O)(=O)N,-4.127736166072276
Clc1ccsc1C(=O)NC(=O)N,-4.120781558688838
c1ccc(O)cc1c1ccccc1OCCOCCOCN(C)C(=O)O,-4.1152281874021375
c1ccccc1COCc1ccoc1C(=O)OCOCNCC,-4.106158544957953
N1CCNCC1COCC(=O)OCC(C)COCCO,-4.10007951213868
CCOc1ccncc1CC(=O)COCCCO,-4.097003189043613
c1ccc(F)cc1CCOCOCCl,-4.0950006701410135
COCN1CCCCC1c1ccsc1c1ccc(F)cc1CN(C),-4.093046377103503
COCCOc1ccc(O)cc1c1ccc(F)cc1N1CCNCC1C(=O)N,-4.082294203526484
CCCCOCOCCON1CCCCC1C#N,-4.082294203526484
CC(=O)COCCCOc1ccc(F)cc1c1ccccc1,-4.07877943834371
C(=O)Nc1ccc(F)cc1c1ccc(Cl)cc1CCO,-4.0774720242683
NCCNCCCOCCON1CCCCC1,-4.077249768756426
c1ccoc1OCCOCOCCCOc1ccc(O)cc1,-4.077249768756426
N1CCNCC1N1CCNCC1CC(=O)COCCOCC(C),-4.075011729328872
CC(C)c1ccc(F)cc1COCCOCN(C)S(=O)(=O)Nc1ccc(O)cc1,-4.06950001491773
OCCOc1ccc(Cl)cc1CCCCOCOC,-4.0617240234297425
CCCCOCOCCCOCC(C)F,-4.0575348332972645
c1ccncc1c1ccoc1F,-4.052293894150572
C(=O)Nc1ccsc1NCCC(=O)OS(=O)(=O)Nc1ccc(Cl)cc1,-4.048578392814054
Fc1ccoc1CCCCOCC(C),-4.047819682934728
ClOCCOc1ccccc1C(=O)OCCCCO,-4.03774032062768
NCCCCON1CCCCC1c1ccc(F)cc1NCC,-4.037225223662589
COCN1CCNCC1N1CCNCC1CC(=O)COC,-4.03519939577814
CC(C)N1CCNCC1COCN1CCNCC1CC(C)c1ccc(F)cc1,-4.032823826378513
c1ccncc1c1ccc(F)cc1N1CCNCC1CN(C),-4.029829214839311
CCCCOCCOc1ccoc1COC,-4.025176284290841
c1ccccc1N1CCNCC1CN(C)c1ccoc1c1ccc(O)cc1c1ccncc1,-4.024052844846667
CCCCOC(=O)NCOCc1ccoc1OCCO,-4.024052844846667
COCCC(=O)c1ccc(F)cc1COCCCOS(=O)(=O)N,-4.020318876620834
FCC(C)c1ccc(Cl)cc1CCCCO,-4.014913330516402
c1ccc(F)cc1N1CCNCC1c1ccncc1COCCOC#N,-4.009953126335392
ClCOCCOCOC,-4.009447589221437
Clc1ccc(O)cc1CCCCOCCCCO,-4.007550863900854
CCOS(=O)(=O)Nc1ccc(O)cc1,-4.003222314945778
NCCc1ccsc1N1CCNCC1c1ccc(O)cc1S(=O)(=O)NCl,-4.0013700391868285
